job_index,job_id,seed,horizon,model,script,output_directory,command
1,seed042_horizon01_STG_Informer,42,1,STG-Informer,seed042_horizon01_stg_informer.py,STG_seed42_horizon1,python seed042_horizon01_stg_informer.py
2,seed042_horizon01_G_Informer,42,1,G-Informer,seed042_horizon01_g_informer.py,G_seed42_horizon1,python seed042_horizon01_g_informer.py
3,seed042_horizon01_ST_Informer,42,1,ST-Informer,seed042_horizon01_st_informer.py,ST_seed42_horizon1,python seed042_horizon01_st_informer.py
4,seed042_horizon01_Informer,42,1,Informer,seed042_horizon01_informer.py,Informer_seed42_horizon1,python seed042_horizon01_informer.py
5,seed042_horizon01_GRU,42,1,GRU,seed042_horizon01_gru.py,GRU_seed42_horizon1,python seed042_horizon01_gru.py
6,seed042_horizon01_Transformer,42,1,Transformer,seed042_horizon01_transformer.py,Transformer_seed42_horizon1,python seed042_horizon01_transformer.py
7,seed042_horizon01_ConvLSTM,42,1,ConvLSTM,seed042_horizon01_convlstm.py,ConvLSTM_seed42_horizon1,python seed042_horizon01_convlstm.py
8,seed042_horizon01_CNN_LSTM,42,1,CNN-LSTM,seed042_horizon01_cnn_lstm.py,CNN-LSTM_seed42_horizon1,python seed042_horizon01_cnn_lstm.py
9,seed042_horizon03_STG_Informer,42,3,STG-Informer,seed042_horizon03_stg_informer.py,STG_seed42_horizon3,python seed042_horizon03_stg_informer.py
10,seed042_horizon03_G_Informer,42,3,G-Informer,seed042_horizon03_g_informer.py,G_seed42_horizon3,python seed042_horizon03_g_informer.py
11,seed042_horizon03_ST_Informer,42,3,ST-Informer,seed042_horizon03_st_informer.py,ST_seed42_horizon3,python seed042_horizon03_st_informer.py
12,seed042_horizon03_Informer,42,3,Informer,seed042_horizon03_informer.py,Informer_seed42_horizon3,python seed042_horizon03_informer.py
13,seed042_horizon03_GRU,42,3,GRU,seed042_horizon03_gru.py,GRU_seed42_horizon3,python seed042_horizon03_gru.py
14,seed042_horizon03_Transformer,42,3,Transformer,seed042_horizon03_transformer.py,Transformer_seed42_horizon3,python seed042_horizon03_transformer.py
15,seed042_horizon03_ConvLSTM,42,3,ConvLSTM,seed042_horizon03_convlstm.py,ConvLSTM_seed42_horizon3,python seed042_horizon03_convlstm.py
16,seed042_horizon03_CNN_LSTM,42,3,CNN-LSTM,seed042_horizon03_cnn_lstm.py,CNN-LSTM_seed42_horizon3,python seed042_horizon03_cnn_lstm.py
17,seed042_horizon06_STG_Informer,42,6,STG-Informer,seed042_horizon06_stg_informer.py,STG_seed42_horizon6,python seed042_horizon06_stg_informer.py
18,seed042_horizon06_G_Informer,42,6,G-Informer,seed042_horizon06_g_informer.py,G_seed42_horizon6,python seed042_horizon06_g_informer.py
19,seed042_horizon06_ST_Informer,42,6,ST-Informer,seed042_horizon06_st_informer.py,ST_seed42_horizon6,python seed042_horizon06_st_informer.py
20,seed042_horizon06_Informer,42,6,Informer,seed042_horizon06_informer.py,Informer_seed42_horizon6,python seed042_horizon06_informer.py
21,seed042_horizon06_GRU,42,6,GRU,seed042_horizon06_gru.py,GRU_seed42_horizon6,python seed042_horizon06_gru.py
22,seed042_horizon06_Transformer,42,6,Transformer,seed042_horizon06_transformer.py,Transformer_seed42_horizon6,python seed042_horizon06_transformer.py
23,seed042_horizon06_ConvLSTM,42,6,ConvLSTM,seed042_horizon06_convlstm.py,ConvLSTM_seed42_horizon6,python seed042_horizon06_convlstm.py
24,seed042_horizon06_CNN_LSTM,42,6,CNN-LSTM,seed042_horizon06_cnn_lstm.py,CNN-LSTM_seed42_horizon6,python seed042_horizon06_cnn_lstm.py
25,seed042_horizon09_STG_Informer,42,9,STG-Informer,seed042_horizon09_stg_informer.py,STG_seed42_horizon9,python seed042_horizon09_stg_informer.py
26,seed042_horizon09_G_Informer,42,9,G-Informer,seed042_horizon09_g_informer.py,G_seed42_horizon9,python seed042_horizon09_g_informer.py
27,seed042_horizon09_ST_Informer,42,9,ST-Informer,seed042_horizon09_st_informer.py,ST_seed42_horizon9,python seed042_horizon09_st_informer.py
28,seed042_horizon09_Informer,42,9,Informer,seed042_horizon09_informer.py,Informer_seed42_horizon9,python seed042_horizon09_informer.py
29,seed042_horizon09_GRU,42,9,GRU,seed042_horizon09_gru.py,GRU_seed42_horizon9,python seed042_horizon09_gru.py
30,seed042_horizon09_Transformer,42,9,Transformer,seed042_horizon09_transformer.py,Transformer_seed42_horizon9,python seed042_horizon09_transformer.py
31,seed042_horizon09_ConvLSTM,42,9,ConvLSTM,seed042_horizon09_convlstm.py,ConvLSTM_seed42_horizon9,python seed042_horizon09_convlstm.py
32,seed042_horizon09_CNN_LSTM,42,9,CNN-LSTM,seed042_horizon09_cnn_lstm.py,CNN-LSTM_seed42_horizon9,python seed042_horizon09_cnn_lstm.py
33,seed042_horizon12_STG_Informer,42,12,STG-Informer,seed042_horizon12_stg_informer.py,STG_seed42_horizon12,python seed042_horizon12_stg_informer.py
34,seed042_horizon12_G_Informer,42,12,G-Informer,seed042_horizon12_g_informer.py,G_seed42_horizon12,python seed042_horizon12_g_informer.py
35,seed042_horizon12_ST_Informer,42,12,ST-Informer,seed042_horizon12_st_informer.py,ST_seed42_horizon12,python seed042_horizon12_st_informer.py
36,seed042_horizon12_Informer,42,12,Informer,seed042_horizon12_informer.py,Informer_seed42_horizon12,python seed042_horizon12_informer.py
37,seed042_horizon12_GRU,42,12,GRU,seed042_horizon12_gru.py,GRU_seed42_horizon12,python seed042_horizon12_gru.py
38,seed042_horizon12_Transformer,42,12,Transformer,seed042_horizon12_transformer.py,Transformer_seed42_horizon12,python seed042_horizon12_transformer.py
39,seed042_horizon12_ConvLSTM,42,12,ConvLSTM,seed042_horizon12_convlstm.py,ConvLSTM_seed42_horizon12,python seed042_horizon12_convlstm.py
40,seed042_horizon12_CNN_LSTM,42,12,CNN-LSTM,seed042_horizon12_cnn_lstm.py,CNN-LSTM_seed42_horizon12,python seed042_horizon12_cnn_lstm.py
41,seed123_horizon01_STG_Informer,123,1,STG-Informer,seed123_horizon01_stg_informer.py,STG_seed123_horizon1,python seed123_horizon01_stg_informer.py
42,seed123_horizon01_G_Informer,123,1,G-Informer,seed123_horizon01_g_informer.py,G_seed123_horizon1,python seed123_horizon01_g_informer.py
43,seed123_horizon01_ST_Informer,123,1,ST-Informer,seed123_horizon01_st_informer.py,ST_seed123_horizon1,python seed123_horizon01_st_informer.py
44,seed123_horizon01_Informer,123,1,Informer,seed123_horizon01_informer.py,Informer_seed123_horizon1,python seed123_horizon01_informer.py
45,seed123_horizon01_GRU,123,1,GRU,seed123_horizon01_gru.py,GRU_seed123_horizon1,python seed123_horizon01_gru.py
46,seed123_horizon01_Transformer,123,1,Transformer,seed123_horizon01_transformer.py,Transformer_seed123_horizon1,python seed123_horizon01_transformer.py
47,seed123_horizon01_ConvLSTM,123,1,ConvLSTM,seed123_horizon01_convlstm.py,ConvLSTM_seed123_horizon1,python seed123_horizon01_convlstm.py
48,seed123_horizon01_CNN_LSTM,123,1,CNN-LSTM,seed123_horizon01_cnn_lstm.py,CNN-LSTM_seed123_horizon1,python seed123_horizon01_cnn_lstm.py
49,seed123_horizon03_STG_Informer,123,3,STG-Informer,seed123_horizon03_stg_informer.py,STG_seed123_horizon3,python seed123_horizon03_stg_informer.py
50,seed123_horizon03_G_Informer,123,3,G-Informer,seed123_horizon03_g_informer.py,G_seed123_horizon3,python seed123_horizon03_g_informer.py
51,seed123_horizon03_ST_Informer,123,3,ST-Informer,seed123_horizon03_st_informer.py,ST_seed123_horizon3,python seed123_horizon03_st_informer.py
52,seed123_horizon03_Informer,123,3,Informer,seed123_horizon03_informer.py,Informer_seed123_horizon3,python seed123_horizon03_informer.py
53,seed123_horizon03_GRU,123,3,GRU,seed123_horizon03_gru.py,GRU_seed123_horizon3,python seed123_horizon03_gru.py
54,seed123_horizon03_Transformer,123,3,Transformer,seed123_horizon03_transformer.py,Transformer_seed123_horizon3,python seed123_horizon03_transformer.py
55,seed123_horizon03_ConvLSTM,123,3,ConvLSTM,seed123_horizon03_convlstm.py,ConvLSTM_seed123_horizon3,python seed123_horizon03_convlstm.py
56,seed123_horizon03_CNN_LSTM,123,3,CNN-LSTM,seed123_horizon03_cnn_lstm.py,CNN-LSTM_seed123_horizon3,python seed123_horizon03_cnn_lstm.py
57,seed123_horizon06_STG_Informer,123,6,STG-Informer,seed123_horizon06_stg_informer.py,STG_seed123_horizon6,python seed123_horizon06_stg_informer.py
58,seed123_horizon06_G_Informer,123,6,G-Informer,seed123_horizon06_g_informer.py,G_seed123_horizon6,python seed123_horizon06_g_informer.py
59,seed123_horizon06_ST_Informer,123,6,ST-Informer,seed123_horizon06_st_informer.py,ST_seed123_horizon6,python seed123_horizon06_st_informer.py
60,seed123_horizon06_Informer,123,6,Informer,seed123_horizon06_informer.py,Informer_seed123_horizon6,python seed123_horizon06_informer.py
61,seed123_horizon06_GRU,123,6,GRU,seed123_horizon06_gru.py,GRU_seed123_horizon6,python seed123_horizon06_gru.py
62,seed123_horizon06_Transformer,123,6,Transformer,seed123_horizon06_transformer.py,Transformer_seed123_horizon6,python seed123_horizon06_transformer.py
63,seed123_horizon06_ConvLSTM,123,6,ConvLSTM,seed123_horizon06_convlstm.py,ConvLSTM_seed123_horizon6,python seed123_horizon06_convlstm.py
64,seed123_horizon06_CNN_LSTM,123,6,CNN-LSTM,seed123_horizon06_cnn_lstm.py,CNN-LSTM_seed123_horizon6,python seed123_horizon06_cnn_lstm.py
65,seed123_horizon09_STG_Informer,123,9,STG-Informer,seed123_horizon09_stg_informer.py,STG_seed123_horizon9,python seed123_horizon09_stg_informer.py
66,seed123_horizon09_G_Informer,123,9,G-Informer,seed123_horizon09_g_informer.py,G_seed123_horizon9,python seed123_horizon09_g_informer.py
67,seed123_horizon09_ST_Informer,123,9,ST-Informer,seed123_horizon09_st_informer.py,ST_seed123_horizon9,python seed123_horizon09_st_informer.py
68,seed123_horizon09_Informer,123,9,Informer,seed123_horizon09_informer.py,Informer_seed123_horizon9,python seed123_horizon09_informer.py
69,seed123_horizon09_GRU,123,9,GRU,seed123_horizon09_gru.py,GRU_seed123_horizon9,python seed123_horizon09_gru.py
70,seed123_horizon09_Transformer,123,9,Transformer,seed123_horizon09_transformer.py,Transformer_seed123_horizon9,python seed123_horizon09_transformer.py
71,seed123_horizon09_ConvLSTM,123,9,ConvLSTM,seed123_horizon09_convlstm.py,ConvLSTM_seed123_horizon9,python seed123_horizon09_convlstm.py
72,seed123_horizon09_CNN_LSTM,123,9,CNN-LSTM,seed123_horizon09_cnn_lstm.py,CNN-LSTM_seed123_horizon9,python seed123_horizon09_cnn_lstm.py
73,seed123_horizon12_STG_Informer,123,12,STG-Informer,seed123_horizon12_stg_informer.py,STG_seed123_horizon12,python seed123_horizon12_stg_informer.py
74,seed123_horizon12_G_Informer,123,12,G-Informer,seed123_horizon12_g_informer.py,G_seed123_horizon12,python seed123_horizon12_g_informer.py
75,seed123_horizon12_ST_Informer,123,12,ST-Informer,seed123_horizon12_st_informer.py,ST_seed123_horizon12,python seed123_horizon12_st_informer.py
76,seed123_horizon12_Informer,123,12,Informer,seed123_horizon12_informer.py,Informer_seed123_horizon12,python seed123_horizon12_informer.py
77,seed123_horizon12_GRU,123,12,GRU,seed123_horizon12_gru.py,GRU_seed123_horizon12,python seed123_horizon12_gru.py
78,seed123_horizon12_Transformer,123,12,Transformer,seed123_horizon12_transformer.py,Transformer_seed123_horizon12,python seed123_horizon12_transformer.py
79,seed123_horizon12_ConvLSTM,123,12,ConvLSTM,seed123_horizon12_convlstm.py,ConvLSTM_seed123_horizon12,python seed123_horizon12_convlstm.py
80,seed123_horizon12_CNN_LSTM,123,12,CNN-LSTM,seed123_horizon12_cnn_lstm.py,CNN-LSTM_seed123_horizon12,python seed123_horizon12_cnn_lstm.py
81,seed2024_horizon01_STG_Informer,2024,1,STG-Informer,seed2024_horizon01_stg_informer.py,STG_seed2024_horizon1,python seed2024_horizon01_stg_informer.py
82,seed2024_horizon01_G_Informer,2024,1,G-Informer,seed2024_horizon01_g_informer.py,G_seed2024_horizon1,python seed2024_horizon01_g_informer.py
83,seed2024_horizon01_ST_Informer,2024,1,ST-Informer,seed2024_horizon01_st_informer.py,ST_seed2024_horizon1,python seed2024_horizon01_st_informer.py
84,seed2024_horizon01_Informer,2024,1,Informer,seed2024_horizon01_informer.py,Informer_seed2024_horizon1,python seed2024_horizon01_informer.py
85,seed2024_horizon01_GRU,2024,1,GRU,seed2024_horizon01_gru.py,GRU_seed2024_horizon1,python seed2024_horizon01_gru.py
86,seed2024_horizon01_Transformer,2024,1,Transformer,seed2024_horizon01_transformer.py,Transformer_seed2024_horizon1,python seed2024_horizon01_transformer.py
87,seed2024_horizon01_ConvLSTM,2024,1,ConvLSTM,seed2024_horizon01_convlstm.py,ConvLSTM_seed2024_horizon1,python seed2024_horizon01_convlstm.py
88,seed2024_horizon01_CNN_LSTM,2024,1,CNN-LSTM,seed2024_horizon01_cnn_lstm.py,CNN-LSTM_seed2024_horizon1,python seed2024_horizon01_cnn_lstm.py
89,seed2024_horizon03_STG_Informer,2024,3,STG-Informer,seed2024_horizon03_stg_informer.py,STG_seed2024_horizon3,python seed2024_horizon03_stg_informer.py
90,seed2024_horizon03_G_Informer,2024,3,G-Informer,seed2024_horizon03_g_informer.py,G_seed2024_horizon3,python seed2024_horizon03_g_informer.py
91,seed2024_horizon03_ST_Informer,2024,3,ST-Informer,seed2024_horizon03_st_informer.py,ST_seed2024_horizon3,python seed2024_horizon03_st_informer.py
92,seed2024_horizon03_Informer,2024,3,Informer,seed2024_horizon03_informer.py,Informer_seed2024_horizon3,python seed2024_horizon03_informer.py
93,seed2024_horizon03_GRU,2024,3,GRU,seed2024_horizon03_gru.py,GRU_seed2024_horizon3,python seed2024_horizon03_gru.py
94,seed2024_horizon03_Transformer,2024,3,Transformer,seed2024_horizon03_transformer.py,Transformer_seed2024_horizon3,python seed2024_horizon03_transformer.py
95,seed2024_horizon03_ConvLSTM,2024,3,ConvLSTM,seed2024_horizon03_convlstm.py,ConvLSTM_seed2024_horizon3,python seed2024_horizon03_convlstm.py
96,seed2024_horizon03_CNN_LSTM,2024,3,CNN-LSTM,seed2024_horizon03_cnn_lstm.py,CNN-LSTM_seed2024_horizon3,python seed2024_horizon03_cnn_lstm.py
97,seed2024_horizon06_STG_Informer,2024,6,STG-Informer,seed2024_horizon06_stg_informer.py,STG_seed2024_horizon6,python seed2024_horizon06_stg_informer.py
98,seed2024_horizon06_G_Informer,2024,6,G-Informer,seed2024_horizon06_g_informer.py,G_seed2024_horizon6,python seed2024_horizon06_g_informer.py
99,seed2024_horizon06_ST_Informer,2024,6,ST-Informer,seed2024_horizon06_st_informer.py,ST_seed2024_horizon6,python seed2024_horizon06_st_informer.py
100,seed2024_horizon06_Informer,2024,6,Informer,seed2024_horizon06_informer.py,Informer_seed2024_horizon6,python seed2024_horizon06_informer.py
101,seed2024_horizon06_GRU,2024,6,GRU,seed2024_horizon06_gru.py,GRU_seed2024_horizon6,python seed2024_horizon06_gru.py
102,seed2024_horizon06_Transformer,2024,6,Transformer,seed2024_horizon06_transformer.py,Transformer_seed2024_horizon6,python seed2024_horizon06_transformer.py
103,seed2024_horizon06_ConvLSTM,2024,6,ConvLSTM,seed2024_horizon06_convlstm.py,ConvLSTM_seed2024_horizon6,python seed2024_horizon06_convlstm.py
104,seed2024_horizon06_CNN_LSTM,2024,6,CNN-LSTM,seed2024_horizon06_cnn_lstm.py,CNN-LSTM_seed2024_horizon6,python seed2024_horizon06_cnn_lstm.py
105,seed2024_horizon09_STG_Informer,2024,9,STG-Informer,seed2024_horizon09_stg_informer.py,STG_seed2024_horizon9,python seed2024_horizon09_stg_informer.py
106,seed2024_horizon09_G_Informer,2024,9,G-Informer,seed2024_horizon09_g_informer.py,G_seed2024_horizon9,python seed2024_horizon09_g_informer.py
107,seed2024_horizon09_ST_Informer,2024,9,ST-Informer,seed2024_horizon09_st_informer.py,ST_seed2024_horizon9,python seed2024_horizon09_st_informer.py
108,seed2024_horizon09_Informer,2024,9,Informer,seed2024_horizon09_informer.py,Informer_seed2024_horizon9,python seed2024_horizon09_informer.py
109,seed2024_horizon09_GRU,2024,9,GRU,seed2024_horizon09_gru.py,GRU_seed2024_horizon9,python seed2024_horizon09_gru.py
110,seed2024_horizon09_Transformer,2024,9,Transformer,seed2024_horizon09_transformer.py,Transformer_seed2024_horizon9,python seed2024_horizon09_transformer.py
111,seed2024_horizon09_ConvLSTM,2024,9,ConvLSTM,seed2024_horizon09_convlstm.py,ConvLSTM_seed2024_horizon9,python seed2024_horizon09_convlstm.py
112,seed2024_horizon09_CNN_LSTM,2024,9,CNN-LSTM,seed2024_horizon09_cnn_lstm.py,CNN-LSTM_seed2024_horizon9,python seed2024_horizon09_cnn_lstm.py
113,seed2024_horizon12_STG_Informer,2024,12,STG-Informer,seed2024_horizon12_stg_informer.py,STG_seed2024_horizon12,python seed2024_horizon12_stg_informer.py
114,seed2024_horizon12_G_Informer,2024,12,G-Informer,seed2024_horizon12_g_informer.py,G_seed2024_horizon12,python seed2024_horizon12_g_informer.py
115,seed2024_horizon12_ST_Informer,2024,12,ST-Informer,seed2024_horizon12_st_informer.py,ST_seed2024_horizon12,python seed2024_horizon12_st_informer.py
116,seed2024_horizon12_Informer,2024,12,Informer,seed2024_horizon12_informer.py,Informer_seed2024_horizon12,python seed2024_horizon12_informer.py
117,seed2024_horizon12_GRU,2024,12,GRU,seed2024_horizon12_gru.py,GRU_seed2024_horizon12,python seed2024_horizon12_gru.py
118,seed2024_horizon12_Transformer,2024,12,Transformer,seed2024_horizon12_transformer.py,Transformer_seed2024_horizon12,python seed2024_horizon12_transformer.py
119,seed2024_horizon12_ConvLSTM,2024,12,ConvLSTM,seed2024_horizon12_convlstm.py,ConvLSTM_seed2024_horizon12,python seed2024_horizon12_convlstm.py
120,seed2024_horizon12_CNN_LSTM,2024,12,CNN-LSTM,seed2024_horizon12_cnn_lstm.py,CNN-LSTM_seed2024_horizon12,python seed2024_horizon12_cnn_lstm.py
121,seed007_horizon01_STG_Informer,7,1,STG-Informer,seed007_horizon01_stg_informer.py,STG_seed7_horizon1,python seed007_horizon01_stg_informer.py
122,seed007_horizon01_G_Informer,7,1,G-Informer,seed007_horizon01_g_informer.py,G_seed7_horizon1,python seed007_horizon01_g_informer.py
123,seed007_horizon01_ST_Informer,7,1,ST-Informer,seed007_horizon01_st_informer.py,ST_seed7_horizon1,python seed007_horizon01_st_informer.py
124,seed007_horizon01_Informer,7,1,Informer,seed007_horizon01_informer.py,Informer_seed7_horizon1,python seed007_horizon01_informer.py
125,seed007_horizon01_GRU,7,1,GRU,seed007_horizon01_gru.py,GRU_seed7_horizon1,python seed007_horizon01_gru.py
126,seed007_horizon01_Transformer,7,1,Transformer,seed007_horizon01_transformer.py,Transformer_seed7_horizon1,python seed007_horizon01_transformer.py
127,seed007_horizon01_ConvLSTM,7,1,ConvLSTM,seed007_horizon01_convlstm.py,ConvLSTM_seed7_horizon1,python seed007_horizon01_convlstm.py
128,seed007_horizon01_CNN_LSTM,7,1,CNN-LSTM,seed007_horizon01_cnn_lstm.py,CNN-LSTM_seed7_horizon1,python seed007_horizon01_cnn_lstm.py
129,seed007_horizon03_STG_Informer,7,3,STG-Informer,seed007_horizon03_stg_informer.py,STG_seed7_horizon3,python seed007_horizon03_stg_informer.py
130,seed007_horizon03_G_Informer,7,3,G-Informer,seed007_horizon03_g_informer.py,G_seed7_horizon3,python seed007_horizon03_g_informer.py
131,seed007_horizon03_ST_Informer,7,3,ST-Informer,seed007_horizon03_st_informer.py,ST_seed7_horizon3,python seed007_horizon03_st_informer.py
132,seed007_horizon03_Informer,7,3,Informer,seed007_horizon03_informer.py,Informer_seed7_horizon3,python seed007_horizon03_informer.py
133,seed007_horizon03_GRU,7,3,GRU,seed007_horizon03_gru.py,GRU_seed7_horizon3,python seed007_horizon03_gru.py
134,seed007_horizon03_Transformer,7,3,Transformer,seed007_horizon03_transformer.py,Transformer_seed7_horizon3,python seed007_horizon03_transformer.py
135,seed007_horizon03_ConvLSTM,7,3,ConvLSTM,seed007_horizon03_convlstm.py,ConvLSTM_seed7_horizon3,python seed007_horizon03_convlstm.py
136,seed007_horizon03_CNN_LSTM,7,3,CNN-LSTM,seed007_horizon03_cnn_lstm.py,CNN-LSTM_seed7_horizon3,python seed007_horizon03_cnn_lstm.py
137,seed007_horizon06_STG_Informer,7,6,STG-Informer,seed007_horizon06_stg_informer.py,STG_seed7_horizon6,python seed007_horizon06_stg_informer.py
138,seed007_horizon06_G_Informer,7,6,G-Informer,seed007_horizon06_g_informer.py,G_seed7_horizon6,python seed007_horizon06_g_informer.py
139,seed007_horizon06_ST_Informer,7,6,ST-Informer,seed007_horizon06_st_informer.py,ST_seed7_horizon6,python seed007_horizon06_st_informer.py
140,seed007_horizon06_Informer,7,6,Informer,seed007_horizon06_informer.py,Informer_seed7_horizon6,python seed007_horizon06_informer.py
141,seed007_horizon06_GRU,7,6,GRU,seed007_horizon06_gru.py,GRU_seed7_horizon6,python seed007_horizon06_gru.py
142,seed007_horizon06_Transformer,7,6,Transformer,seed007_horizon06_transformer.py,Transformer_seed7_horizon6,python seed007_horizon06_transformer.py
143,seed007_horizon06_ConvLSTM,7,6,ConvLSTM,seed007_horizon06_convlstm.py,ConvLSTM_seed7_horizon6,python seed007_horizon06_convlstm.py
144,seed007_horizon06_CNN_LSTM,7,6,CNN-LSTM,seed007_horizon06_cnn_lstm.py,CNN-LSTM_seed7_horizon6,python seed007_horizon06_cnn_lstm.py
145,seed007_horizon09_STG_Informer,7,9,STG-Informer,seed007_horizon09_stg_informer.py,STG_seed7_horizon9,python seed007_horizon09_stg_informer.py
146,seed007_horizon09_G_Informer,7,9,G-Informer,seed007_horizon09_g_informer.py,G_seed7_horizon9,python seed007_horizon09_g_informer.py
147,seed007_horizon09_ST_Informer,7,9,ST-Informer,seed007_horizon09_st_informer.py,ST_seed7_horizon9,python seed007_horizon09_st_informer.py
148,seed007_horizon09_Informer,7,9,Informer,seed007_horizon09_informer.py,Informer_seed7_horizon9,python seed007_horizon09_informer.py
149,seed007_horizon09_GRU,7,9,GRU,seed007_horizon09_gru.py,GRU_seed7_horizon9,python seed007_horizon09_gru.py
150,seed007_horizon09_Transformer,7,9,Transformer,seed007_horizon09_transformer.py,Transformer_seed7_horizon9,python seed007_horizon09_transformer.py
151,seed007_horizon09_ConvLSTM,7,9,ConvLSTM,seed007_horizon09_convlstm.py,ConvLSTM_seed7_horizon9,python seed007_horizon09_convlstm.py
152,seed007_horizon09_CNN_LSTM,7,9,CNN-LSTM,seed007_horizon09_cnn_lstm.py,CNN-LSTM_seed7_horizon9,python seed007_horizon09_cnn_lstm.py
153,seed007_horizon12_STG_Informer,7,12,STG-Informer,seed007_horizon12_stg_informer.py,STG_seed7_horizon12,python seed007_horizon12_stg_informer.py
154,seed007_horizon12_G_Informer,7,12,G-Informer,seed007_horizon12_g_informer.py,G_seed7_horizon12,python seed007_horizon12_g_informer.py
155,seed007_horizon12_ST_Informer,7,12,ST-Informer,seed007_horizon12_st_informer.py,ST_seed7_horizon12,python seed007_horizon12_st_informer.py
156,seed007_horizon12_Informer,7,12,Informer,seed007_horizon12_informer.py,Informer_seed7_horizon12,python seed007_horizon12_informer.py
157,seed007_horizon12_GRU,7,12,GRU,seed007_horizon12_gru.py,GRU_seed7_horizon12,python seed007_horizon12_gru.py
158,seed007_horizon12_Transformer,7,12,Transformer,seed007_horizon12_transformer.py,Transformer_seed7_horizon12,python seed007_horizon12_transformer.py
159,seed007_horizon12_ConvLSTM,7,12,ConvLSTM,seed007_horizon12_convlstm.py,ConvLSTM_seed7_horizon12,python seed007_horizon12_convlstm.py
160,seed007_horizon12_CNN_LSTM,7,12,CNN-LSTM,seed007_horizon12_cnn_lstm.py,CNN-LSTM_seed7_horizon12,python seed007_horizon12_cnn_lstm.py
161,seed099_horizon01_STG_Informer,99,1,STG-Informer,seed099_horizon01_stg_informer.py,STG_seed99_horizon1,python seed099_horizon01_stg_informer.py
162,seed099_horizon01_G_Informer,99,1,G-Informer,seed099_horizon01_g_informer.py,G_seed99_horizon1,python seed099_horizon01_g_informer.py
163,seed099_horizon01_ST_Informer,99,1,ST-Informer,seed099_horizon01_st_informer.py,ST_seed99_horizon1,python seed099_horizon01_st_informer.py
164,seed099_horizon01_Informer,99,1,Informer,seed099_horizon01_informer.py,Informer_seed99_horizon1,python seed099_horizon01_informer.py
165,seed099_horizon01_GRU,99,1,GRU,seed099_horizon01_gru.py,GRU_seed99_horizon1,python seed099_horizon01_gru.py
166,seed099_horizon01_Transformer,99,1,Transformer,seed099_horizon01_transformer.py,Transformer_seed99_horizon1,python seed099_horizon01_transformer.py
167,seed099_horizon01_ConvLSTM,99,1,ConvLSTM,seed099_horizon01_convlstm.py,ConvLSTM_seed99_horizon1,python seed099_horizon01_convlstm.py
168,seed099_horizon01_CNN_LSTM,99,1,CNN-LSTM,seed099_horizon01_cnn_lstm.py,CNN-LSTM_seed99_horizon1,python seed099_horizon01_cnn_lstm.py
169,seed099_horizon03_STG_Informer,99,3,STG-Informer,seed099_horizon03_stg_informer.py,STG_seed99_horizon3,python seed099_horizon03_stg_informer.py
170,seed099_horizon03_G_Informer,99,3,G-Informer,seed099_horizon03_g_informer.py,G_seed99_horizon3,python seed099_horizon03_g_informer.py
171,seed099_horizon03_ST_Informer,99,3,ST-Informer,seed099_horizon03_st_informer.py,ST_seed99_horizon3,python seed099_horizon03_st_informer.py
172,seed099_horizon03_Informer,99,3,Informer,seed099_horizon03_informer.py,Informer_seed99_horizon3,python seed099_horizon03_informer.py
173,seed099_horizon03_GRU,99,3,GRU,seed099_horizon03_gru.py,GRU_seed99_horizon3,python seed099_horizon03_gru.py
174,seed099_horizon03_Transformer,99,3,Transformer,seed099_horizon03_transformer.py,Transformer_seed99_horizon3,python seed099_horizon03_transformer.py
175,seed099_horizon03_ConvLSTM,99,3,ConvLSTM,seed099_horizon03_convlstm.py,ConvLSTM_seed99_horizon3,python seed099_horizon03_convlstm.py
176,seed099_horizon03_CNN_LSTM,99,3,CNN-LSTM,seed099_horizon03_cnn_lstm.py,CNN-LSTM_seed99_horizon3,python seed099_horizon03_cnn_lstm.py
177,seed099_horizon06_STG_Informer,99,6,STG-Informer,seed099_horizon06_stg_informer.py,STG_seed99_horizon6,python seed099_horizon06_stg_informer.py
178,seed099_horizon06_G_Informer,99,6,G-Informer,seed099_horizon06_g_informer.py,G_seed99_horizon6,python seed099_horizon06_g_informer.py
179,seed099_horizon06_ST_Informer,99,6,ST-Informer,seed099_horizon06_st_informer.py,ST_seed99_horizon6,python seed099_horizon06_st_informer.py
180,seed099_horizon06_Informer,99,6,Informer,seed099_horizon06_informer.py,Informer_seed99_horizon6,python seed099_horizon06_informer.py
181,seed099_horizon06_GRU,99,6,GRU,seed099_horizon06_gru.py,GRU_seed99_horizon6,python seed099_horizon06_gru.py
182,seed099_horizon06_Transformer,99,6,Transformer,seed099_horizon06_transformer.py,Transformer_seed99_horizon6,python seed099_horizon06_transformer.py
183,seed099_horizon06_ConvLSTM,99,6,ConvLSTM,seed099_horizon06_convlstm.py,ConvLSTM_seed99_horizon6,python seed099_horizon06_convlstm.py
184,seed099_horizon06_CNN_LSTM,99,6,CNN-LSTM,seed099_horizon06_cnn_lstm.py,CNN-LSTM_seed99_horizon6,python seed099_horizon06_cnn_lstm.py
185,seed099_horizon09_STG_Informer,99,9,STG-Informer,seed099_horizon09_stg_informer.py,STG_seed99_horizon9,python seed099_horizon09_stg_informer.py
186,seed099_horizon09_G_Informer,99,9,G-Informer,seed099_horizon09_g_informer.py,G_seed99_horizon9,python seed099_horizon09_g_informer.py
187,seed099_horizon09_ST_Informer,99,9,ST-Informer,seed099_horizon09_st_informer.py,ST_seed99_horizon9,python seed099_horizon09_st_informer.py
188,seed099_horizon09_Informer,99,9,Informer,seed099_horizon09_informer.py,Informer_seed99_horizon9,python seed099_horizon09_informer.py
189,seed099_horizon09_GRU,99,9,GRU,seed099_horizon09_gru.py,GRU_seed99_horizon9,python seed099_horizon09_gru.py
190,seed099_horizon09_Transformer,99,9,Transformer,seed099_horizon09_transformer.py,Transformer_seed99_horizon9,python seed099_horizon09_transformer.py
191,seed099_horizon09_ConvLSTM,99,9,ConvLSTM,seed099_horizon09_convlstm.py,ConvLSTM_seed99_horizon9,python seed099_horizon09_convlstm.py
192,seed099_horizon09_CNN_LSTM,99,9,CNN-LSTM,seed099_horizon09_cnn_lstm.py,CNN-LSTM_seed99_horizon9,python seed099_horizon09_cnn_lstm.py
193,seed099_horizon12_STG_Informer,99,12,STG-Informer,seed099_horizon12_stg_informer.py,STG_seed99_horizon12,python seed099_horizon12_stg_informer.py
194,seed099_horizon12_G_Informer,99,12,G-Informer,seed099_horizon12_g_informer.py,G_seed99_horizon12,python seed099_horizon12_g_informer.py
195,seed099_horizon12_ST_Informer,99,12,ST-Informer,seed099_horizon12_st_informer.py,ST_seed99_horizon12,python seed099_horizon12_st_informer.py
196,seed099_horizon12_Informer,99,12,Informer,seed099_horizon12_informer.py,Informer_seed99_horizon12,python seed099_horizon12_informer.py
197,seed099_horizon12_GRU,99,12,GRU,seed099_horizon12_gru.py,GRU_seed99_horizon12,python seed099_horizon12_gru.py
198,seed099_horizon12_Transformer,99,12,Transformer,seed099_horizon12_transformer.py,Transformer_seed99_horizon12,python seed099_horizon12_transformer.py
199,seed099_horizon12_ConvLSTM,99,12,ConvLSTM,seed099_horizon12_convlstm.py,ConvLSTM_seed99_horizon12,python seed099_horizon12_convlstm.py
200,seed099_horizon12_CNN_LSTM,99,12,CNN-LSTM,seed099_horizon12_cnn_lstm.py,CNN-LSTM_seed99_horizon12,python seed099_horizon12_cnn_lstm.py
